[
  {"name": "Athens, Greece", "lat": 37.9838, "lng": 23.7275},
  {"name": "Bir, Himachal, India", "lat": 32.0373, "lng": 76.7173},
  {"name": "Borivali National Park, Mumbai", "lat": 19.2147, "lng": 72.9106},
  {"name": "Washington DC, USA", "lat": 38.9072, "lng": -77.0369},
  {"name": "Kolkata, India", "lat": 22.5726, "lng": 88.3639},
  {"name": "Khamkar Masala, Lalbaug, Mumbai", "lat": 18.9984, "lng": 72.8397},
  {"name": "Panchgani, India", "lat": 17.9237, "lng": 73.8007},
  {"name": "Philadelphia, Pennsylvania, USA", "lat": 39.9526, "lng": -75.1652},
  {"name": "Santorini, Greece", "lat": 36.3932, "lng": 25.4615},
  {"name": "Burj Khalifa, Dubai, UAE", "lat": 25.1972, "lng": 55.2744},
  {"name": "Paris, France", "lat": 48.8566, "lng": 2.3522},
  {"name": "Tokyo, Japan", "lat": 35.6762, "lng": 139.6503},
  {"name": "New York City, USA", "lat": 40.7128, "lng": -74.0060},
  {"name": "London, UK", "lat": 51.5074, "lng": -0.1278},
  {"name": "Sydney, Australia", "lat": -33.8688, "lng": 151.2093},
  {"name": "Rome, Italy", "lat": 41.9028, "lng": 12.4964},
  {"name": "Barcelona, Spain", "lat": 41.3851, "lng": 2.1734},
  {"name": "Amsterdam, Netherlands", "lat": 52.3676, "lng": 4.9041},
  {"name": "Berlin, Germany", "lat": 52.5200, "lng": 13.4050},
  {"name": "Prague, Czech Republic", "lat": 50.0755, "lng": 14.4378},
  {"name": "Vienna, Austria", "lat": 48.2082, "lng": 16.3738},
  {"name": "Budapest, Hungary", "lat": 47.4979, "lng": 19.0402},
  {"name": "Istanbul, Turkey", "lat": 41.0082, "lng": 28.9784},
  {"name": "Cairo, Egypt", "lat": 30.0444, "lng": 31.2357},
  {"name": "Marrakech, Morocco", "lat": 31.6295, "lng": -7.9811},
  {"name": "Cape Town, South Africa", "lat": -33.9249, "lng": 18.4241},
  {"name": "Mumbai, India", "lat": 19.0760, "lng": 72.8777},
  {"name": "Delhi, India", "lat": 28.6139, "lng": 77.2090},
  {"name": "Bangalore, India", "lat": 12.9716, "lng": 77.5946},
  {"name": "Goa, India", "lat": 15.2993, "lng": 74.1240},
  {"name": "Jaipur, India", "lat": 26.9124, "lng": 75.7873},
  {"name": "Varanasi, India", "lat": 25.3176, "lng": 82.9739},
  {"name": "Rishikesh, India", "lat": 30.0869, "lng": 78.2676},
  {"name": "Manali, India", "lat": 32.2396, "lng": 77.1887},
  {"name": "Shimla, India", "lat": 31.1048, "lng": 77.1734},
  {"name": "Darjeeling, India", "lat": 27.0360, "lng": 88.2627},
  {"name": "Kerala Backwaters, India", "lat": 9.4981, "lng": 76.3388},
  {"name": "Mysore, India", "lat": 12.2958, "lng": 76.6394},
  {"name": "Udaipur, India", "lat": 24.5854, "lng": 73.7125},
  {"name": "Agra, India", "lat": 27.1767, "lng": 78.0081},
  {"name": "Los Angeles, USA", "lat": 34.0522, "lng": -118.2437},
  {"name": "San Francisco, USA", "lat": 37.7749, "lng": -122.4194},
  {"name": "Chicago, USA", "lat": 41.8781, "lng": -87.6298},
  {"name": "Miami, USA", "lat": 25.7617, "lng": -80.1918},
  {"name": "Las Vegas, USA", "lat": 36.1699, "lng": -115.1398},
  {"name": "Seattle, USA", "lat": 47.6062, "lng": -122.3321},
  {"name": "Boston, USA", "lat": 42.3601, "lng": -71.0589},
  {"name": "Toronto, Canada", "lat": 43.6532, "lng": -79.3832},
  {"name": "Vancouver, Canada", "lat": 49.2827, "lng": -123.1207},
  {"name": "Mexico City, Mexico", "lat": 19.4326, "lng": -99.1332},
  {"name": "Rio de Janeiro, Brazil", "lat": -22.9068, "lng": -43.1729},
  {"name": "Buenos Aires, Argentina", "lat": -34.6037, "lng": -58.3816},
  {"name": "Lima, Peru", "lat": -12.0464, "lng": -77.0428},
  {"name": "Bangkok, Thailand", "lat": 13.7563, "lng": 100.5018},
  {"name": "Singapore", "lat": 1.3521, "lng": 103.8198},
  {"name": "Hong Kong", "lat": 22.3193, "lng": 114.1694},
  {"name": "Seoul, South Korea", "lat": 37.5665, "lng": 126.9780},
  {"name": "Beijing, China", "lat": 39.9042, "lng": 116.4074},
  {"name": "Shanghai, China", "lat": 31.2304, "lng": 121.4737},
  {"name": "Moscow, Russia", "lat": 55.7558, "lng": 37.6173},
  {"name": "St. Petersburg, Russia", "lat": 59.9343, "lng": 30.3351},
  {"name": "Dubai, UAE", "lat": 25.2048, "lng": 55.2708},
  {"name": "Abu Dhabi, UAE", "lat": 24.4539, "lng": 54.3773},
  {"name": "Doha, Qatar", "lat": 25.2854, "lng": 51.5310},
  {"name": "Jerusalem, Israel", "lat": 31.7683, "lng": 35.2137},
  {"name": "Tel Aviv, Israel", "lat": 32.0853, "lng": 34.7818},
  {"name": "Reykjavik, Iceland", "lat": 64.1466, "lng": -21.9426},
  {"name": "Oslo, Norway", "lat": 59.9139, "lng": 10.7522},
  {"name": "Stockholm, Sweden", "lat": 59.3293, "lng": 18.0686},
  {"name": "Copenhagen, Denmark", "lat": 55.6761, "lng": 12.5683},
  {"name": "Helsinki, Finland", "lat": 60.1699, "lng": 24.9384},
  {"name": "Dublin, Ireland", "lat": 53.3498, "lng": -6.2603},
  {"name": "Edinburgh, Scotland", "lat": 55.9533, "lng": -3.1883},
  {"name": "Lisbon, Portugal", "lat": 38.7223, "lng": -9.1393},
  {"name": "Madrid, Spain", "lat": 40.4168, "lng": -3.7038},
  {"name": "Seville, Spain", "lat": 37.3891, "lng": -5.9845},
  {"name": "Florence, Italy", "lat": 43.7696, "lng": 11.2558},
  {"name": "Venice, Italy", "lat": 45.4408, "lng": 12.3155},
  {"name": "Milan, Italy", "lat": 45.4642, "lng": 9.1900},
  {"name": "Zurich, Switzerland", "lat": 47.3769, "lng": 8.5417},
  {"name": "Geneva, Switzerland", "lat": 46.2044, "lng": 6.1432},
  {"name": "Brussels, Belgium", "lat": 50.8503, "lng": 4.3517},
  {"name": "Warsaw, Poland", "lat": 52.2297, "lng": 21.0122},
  {"name": "Krakow, Poland", "lat": 50.0647, "lng": 19.9450},
  {"name": "Bucharest, Romania", "lat": 44.4268, "lng": 26.1025},
  {"name": "Sofia, Bulgaria", "lat": 42.6977, "lng": 23.3219},
  {"name": "Belgrade, Serbia", "lat": 44.7866, "lng": 20.4489},
  {"name": "Zagreb, Croatia", "lat": 45.8150, "lng": 15.9819},
  {"name": "Dubrovnik, Croatia", "lat": 42.6507, "lng": 18.0944},
  {"name": "Athens, Greece", "lat": 37.9838, "lng": 23.7275},
  {"name": "Mykonos, Greece", "lat": 37.4467, "lng": 25.3289},
  {"name": "Crete, Greece", "lat": 35.2401, "lng": 24.8093}
]

